Date,Open,High,Low,Close,Volume,Ticker
1995-05-24,3.875,3.875,3.625,3.75,45871,ABTX-200001
1995-05-25,3.75,3.75,3.625,3.625,21600,ABTX-200001
1995-05-26,3.75,3.75,3.625,3.75,24530,ABTX-200001
1995-05-30,3.75,3.75,3.625,3.75,3200,ABTX-200001
1995-05-31,3.75,3.75,3.625,3.625,90179,ABTX-200001
1995-06-01,3.75,3.75,3.625,3.625,27327,ABTX-200001
1995-06-02,3.625,3.75,3.625,3.75,19300,ABTX-200001
1995-06-05,3.75,3.75,3.625,3.75,125600,ABTX-200001
1995-06-06,3.625,3.75,3.25,3.25,53750,ABTX-200001
1995-06-07,3.25,3.5,3.25,3.375,29300,ABTX-200001
1995-06-08,3.625,3.625,3.25,3.5,50600,ABTX-200001
1995-06-09,3.375,3.5,3.0,3.25,63150,ABTX-200001
1995-06-12,3.25,3.25,3.0,3.0,55150,ABTX-200001
1995-06-13,3.0,3.125,3.0,3.125,26300,ABTX-200001
1995-06-14,3.25,3.25,3.125,3.125,43150,ABTX-200001
1995-06-15,3.25,3.625,3.25,3.5,68160,ABTX-200001
1995-06-16,3.625,3.75,3.5,3.75,47585,ABTX-200001
1995-06-19,3.625,3.75,3.625,3.75,68160,ABTX-200001
1995-06-20,3.75,3.75,3.625,3.75,43050,ABTX-200001
1995-06-21,3.625,3.75,3.625,3.75,41675,ABTX-200001
1995-06-22,3.75,3.875,3.75,3.875,75750,ABTX-200001
1995-06-23,3.875,4.0,3.75,3.75,175200,ABTX-200001
1995-06-26,4.0,4.0,3.75,3.875,38925,ABTX-200001
1995-06-27,4.0,4.25,3.875,4.125,292401,ABTX-200001
1995-06-28,4.25,4.25,4.0,4.125,108840,ABTX-200001
1995-06-29,4.25,4.625,4.125,4.625,101399,ABTX-200001
1995-06-30,4.625,5.5,4.5,4.75,208925,ABTX-200001
1995-07-03,4.75,5.25,4.625,5.25,55825,ABTX-200001
1995-07-05,5.25,5.25,5.0,5.125,158045,ABTX-200001
1995-07-06,5.25,5.25,5.0,5.0,34630,ABTX-200001
1995-07-07,5.125,5.5,5.0,5.375,121359,ABTX-200001
1995-07-10,5.5,5.5,5.0,5.125,102470,ABTX-200001
1995-07-11,5.125,5.25,4.75,4.75,94950,ABTX-200001
1995-07-12,4.875,5.0,4.75,4.875,42000,ABTX-200001
1995-07-13,4.875,5.25,4.75,5.25,141720,ABTX-200001
1995-07-14,5.25,5.25,5.0,5.25,110980,ABTX-200001
1995-07-17,5.0,5.25,5.0,5.25,76915,ABTX-200001
1995-07-18,5.25,5.375,5.25,5.375,59030,ABTX-200001
1995-07-19,5.25,5.25,4.75,5.0,57225,ABTX-200001
1995-07-20,5.0,5.5,5.0,5.25,125950,ABTX-200001
1995-07-21,5.375,5.375,5.125,5.25,51900,ABTX-200001
1995-07-24,5.375,5.375,5.25,5.375,95100,ABTX-200001
1995-07-25,5.375,5.5,5.25,5.375,66600,ABTX-200001
1995-07-26,5.25,5.375,5.25,5.25,37050,ABTX-200001
1995-07-27,5.25,5.25,5.25,5.25,82345,ABTX-200001
1995-07-28,5.25,5.375,5.25,5.375,95705,ABTX-200001
1995-07-31,5.25,5.375,5.25,5.25,78740,ABTX-200001
1995-08-01,5.25,5.375,5.25,5.25,30750,ABTX-200001
1995-08-02,5.25,5.5,5.25,5.5,71063,ABTX-200001
1995-08-03,5.375,5.5,5.375,5.5,34350,ABTX-200001
1995-08-04,5.375,5.5,5.25,5.375,66600,ABTX-200001
1995-08-07,5.375,5.5,5.25,5.375,13500,ABTX-200001
1995-08-08,5.5,5.5,5.25,5.25,39670,ABTX-200001
1995-08-09,5.25,5.25,5.125,5.125,50397,ABTX-200001
1995-08-10,5.25,5.25,4.875,5.0,83800,ABTX-200001
1995-08-11,5.0,5.0,4.5,4.625,52506,ABTX-200001
1995-08-14,4.625,5.125,4.5,5.0,40500,ABTX-200001
1995-08-15,5.0,5.0,4.75,4.75,36750,ABTX-200001
1995-08-16,4.75,4.875,4.625,4.75,7708,ABTX-200001
1995-08-17,4.75,4.75,4.625,4.75,17050,ABTX-200001
1995-08-18,4.75,4.75,4.5,4.75,23800,ABTX-200001
1995-08-21,4.75,4.75,4.375,4.625,48922,ABTX-200001
1995-08-22,4.625,4.75,4.5,4.75,32575,ABTX-200001
1995-08-23,4.75,4.75,4.5,4.5,16700,ABTX-200001
1995-08-24,4.375,4.625,3.625,4.0,129012,ABTX-200001
1995-08-25,4.0,4.25,4.0,4.25,67125,ABTX-200001
1995-08-28,4.125,4.25,4.0,4.0,32275,ABTX-200001
1995-08-29,4.0,4.0,3.75,4.0,67400,ABTX-200001
1995-08-30,3.875,4.25,3.75,4.25,106615,ABTX-200001
1995-08-31,4.25,4.5,4.25,4.5,70355,ABTX-200001
1995-09-01,4.25,4.5,4.0,4.0,61730,ABTX-200001
1995-09-05,4.0,4.25,4.0,4.0,13900,ABTX-200001
1995-09-06,4.0,4.25,4.0,4.125,14650,ABTX-200001
1995-09-07,4.0,4.0,3.75,3.75,52800,ABTX-200001
1995-09-08,3.75,4.0,3.75,4.0,25700,ABTX-200001
1995-09-11,4.0,4.0,3.75,3.875,22700,ABTX-200001
1995-09-12,3.875,4.0,3.25,3.625,105900,ABTX-200001
1995-09-13,3.75,4.0,3.625,3.875,39180,ABTX-200001
1995-09-14,3.75,3.875,3.625,3.875,10600,ABTX-200001
1995-09-15,3.625,3.875,3.625,3.75,9300,ABTX-200001
1995-09-18,3.625,3.625,3.625,3.625,2600,ABTX-200001
1995-09-19,3.625,3.625,3.5,3.625,9500,ABTX-200001
1995-09-20,3.625,3.75,3.25,3.25,26450,ABTX-200001
1995-09-21,3.5,3.5,2.5,3.125,85350,ABTX-200001
1995-09-22,3.125,3.625,3.0,3.25,77124,ABTX-200001
1995-09-25,3.5,3.5,3.25,3.375,14400,ABTX-200001
1995-09-26,3.375,3.375,3.0,3.0,17200,ABTX-200001
1995-09-27,3.25,3.25,3.0,3.125,8300,ABTX-200001
1995-09-28,3.0,3.25,3.0,3.25,43125,ABTX-200001
1995-09-29,3.25,3.375,3.25,3.25,19600,ABTX-200001
1995-10-02,3.25,3.5,3.25,3.5,21200,ABTX-200001
1995-10-03,3.5,3.5,3.25,3.25,4000,ABTX-200001
1995-10-04,3.375,3.375,3.25,3.25,3300,ABTX-200001
1995-10-05,3.125,3.375,3.125,3.25,66000,ABTX-200001
1995-10-06,3.25,3.375,3.25,3.375,700,ABTX-200001
1995-10-10,3.375,3.5,3.25,3.5,93200,ABTX-200001
1995-10-11,3.5,3.75,3.5,3.5,105560,ABTX-200001
1995-10-12,3.75,3.75,3.5,3.625,61500,ABTX-200001
1995-10-13,3.5,3.625,3.5,3.5,12100,ABTX-200001
1995-10-16,3.5,3.5,3.25,3.5,18800,ABTX-200001
1995-10-17,3.25,3.25,2.75,2.875,61200,ABTX-200001
1995-10-18,3.0,3.0,3.0,3.0,11000,ABTX-200001
1995-10-19,3.0,3.0,2.75,2.75,17750,ABTX-200001
1995-10-20,2.75,2.875,2.625,2.75,40400,ABTX-200001
1995-10-23,2.75,2.75,2.5,2.5,43500,ABTX-200001
1995-10-24,2.75,2.75,2.625,2.625,25490,ABTX-200001
1995-10-25,2.75,2.75,2.75,2.75,18300,ABTX-200001
1995-10-26,2.75,2.75,2.5,2.75,48600,ABTX-200001
1995-10-27,2.5,2.75,2.5,2.75,21100,ABTX-200001
1995-10-30,2.5,2.5,2.5,2.5,19500,ABTX-200001
1995-10-31,2.5,2.5,2.5,2.5,2000,ABTX-200001
1995-11-01,2.625,2.625,2.25,2.5,24100,ABTX-200001
1995-11-02,2.25,2.375,2.0,2.125,29475,ABTX-200001
1995-11-03,2.25,2.5,2.0,2.375,41250,ABTX-200001
1995-11-06,2.375,2.375,2.25,2.25,3700,ABTX-200001
1995-11-07,2.375,2.375,2.25,2.25,7872,ABTX-200001
1995-11-08,2.25,2.5,2.25,2.25,16900,ABTX-200001
1995-11-09,2.25,2.25,2.0,2.125,56600,ABTX-200001
1995-11-10,2.25,2.25,2.0,2.0,67200,ABTX-200001
1995-11-13,2.0,2.25,2.0,2.25,28800,ABTX-200001
1995-11-14,2.3125,2.3125,2.0,2.0,45550,ABTX-200001
1995-11-15,2.0,2.125,1.625,1.8125,90300,ABTX-200001
1995-11-16,1.8125,1.8125,1.5625,1.625,89929,ABTX-200001
1995-11-17,1.875,2.375,1.75,2.375,89925,ABTX-200001
1995-11-20,2.25,2.375,2.0,2.125,120328,ABTX-200001
1995-11-21,2.25,2.375,2.0,2.125,23000,ABTX-200001
1995-11-22,2.0,2.375,2.0,2.375,23400,ABTX-200001
1995-11-24,2.375,2.375,2.375,2.375,400,ABTX-200001
1995-11-27,2.125,2.375,2.0,2.25,38800,ABTX-200001
1995-11-28,2.0,2.375,2.0,2.25,4300,ABTX-200001
1995-11-29,2.0625,2.1875,2.0,2.0,11400,ABTX-200001
1995-11-30,2.0625,2.125,1.875,1.9375,53592,ABTX-200001
1995-12-01,2.0,2.25,1.875,2.0,100569,ABTX-200001
1995-12-04,2.25,2.375,2.125,2.125,44231,ABTX-200001
1995-12-05,2.25,2.375,2.25,2.375,51529,ABTX-200001
1995-12-06,2.25,2.75,2.25,2.5,77100,ABTX-200001
1995-12-07,2.5,2.75,2.5,2.625,39345,ABTX-200001
1995-12-08,2.5,2.75,2.375,2.375,28050,ABTX-200001
1995-12-11,2.5,2.75,2.5,2.5,14880,ABTX-200001
1995-12-12,2.75,2.75,2.5,2.625,46900,ABTX-200001
1995-12-13,2.625,2.625,2.5,2.5,10050,ABTX-200001
1995-12-14,2.5,2.5,2.25,2.5,32200,ABTX-200001
1995-12-15,2.5,2.5,2.125,2.25,8000,ABTX-200001
1995-12-18,2.25,2.375,2.0,2.375,6800,ABTX-200001
1995-12-19,2.0,2.25,2.0,2.125,24100,ABTX-200001
1995-12-20,2.0,2.0,2.0,2.0,5000,ABTX-200001
1995-12-21,2.0,2.25,2.0,2.0,52760,ABTX-200001
1995-12-22,2.25,2.25,2.0,2.0,63700,ABTX-200001
1995-12-26,2.0625,2.25,2.0,2.0,42572,ABTX-200001
1995-12-27,2.1875,2.1875,1.875,1.875,48700,ABTX-200001
1995-12-28,2.0,2.0,1.8125,1.8125,16928,ABTX-200001
1995-12-29,1.875,2.0,1.875,2.0,53817,ABTX-200001
1996-01-02,2.0,2.0,2.0,2.0,35000,ABTX-200001
1996-01-03,2.0,2.125,2.0,2.0,14428,ABTX-200001
1996-01-04,2.125,2.125,2.0,2.0,16000,ABTX-200001
1996-01-05,2.0625,2.125,1.9375,2.0,57250,ABTX-200001
1996-01-08,2.25,2.25,2.0,2.0,35775,ABTX-200001
1996-01-09,2.0,2.25,2.0,2.125,64900,ABTX-200001
1996-01-10,2.0,2.125,2.0,2.125,9200,ABTX-200001
1996-01-11,2.125,2.75,2.0,2.75,297625,ABTX-200001
1996-01-12,2.75,2.75,2.375,2.5,91455,ABTX-200001
1996-01-15,2.5,2.5,2.25,2.5,22300,ABTX-200001
1996-01-16,2.5,2.5,2.25,2.375,23500,ABTX-200001
1996-01-17,2.5,2.5,2.375,2.5,57720,ABTX-200001
1996-01-18,2.25,2.5,2.25,2.25,32830,ABTX-200001
1996-01-19,2.25,2.5,2.25,2.25,40840,ABTX-200001
1996-01-22,2.25,2.625,2.25,2.5,145820,ABTX-200001
1996-01-23,2.5,2.5,2.375,2.375,54720,ABTX-200001
1996-01-24,2.5,2.5,2.25,2.375,67600,ABTX-200001
1996-01-25,2.25,2.5,2.25,2.5,36950,ABTX-200001
1996-01-26,2.5,2.5,2.25,2.5,54901,ABTX-200001
1996-01-29,2.5,2.5,2.25,2.25,51220,ABTX-200001
1996-01-30,2.375,2.5,2.25,2.5,1850,ABTX-200001
1996-01-31,2.375,2.5,2.25,2.25,32770,ABTX-200001
1996-02-01,2.25,2.5,2.25,2.5,29770,ABTX-200001
1996-02-02,2.5,2.5,2.25,2.5,89180,ABTX-200001
1996-02-05,2.25,2.5,2.25,2.5,22700,ABTX-200001
1996-02-06,2.5,2.625,2.25,2.5,71630,ABTX-200001
1996-02-07,2.5,2.5,2.25,2.25,55300,ABTX-200001
1996-02-08,2.25,2.5,2.125,2.375,30200,ABTX-200001
1996-02-09,2.25,2.375,2.0,2.375,45336,ABTX-200001
1996-02-12,2.125,2.375,2.125,2.25,13890,ABTX-200001
1996-02-13,2.375,2.5,2.125,2.25,42000,ABTX-200001
1996-02-14,2.5,2.5,2.25,2.375,69665,ABTX-200001
1996-02-15,2.25,2.375,2.125,2.375,42800,ABTX-200001
1996-02-16,2.375,2.375,2.125,2.375,15325,ABTX-200001
1996-02-20,2.375,2.5,2.25,2.5,43725,ABTX-200001
1996-02-21,2.5,2.5,2.375,2.5,197900,ABTX-200001
1996-02-22,2.5,2.75,2.5,2.75,121600,ABTX-200001
1996-02-23,2.75,2.75,2.5,2.625,174700,ABTX-200001
1996-02-26,2.5,2.75,2.5,2.625,61929,ABTX-200001
1996-02-27,2.75,2.875,2.75,2.75,179160,ABTX-200001
1996-02-28,2.75,2.875,2.75,2.75,150667,ABTX-200001
1996-02-29,2.75,2.75,2.5,2.5,57750,ABTX-200001
1996-03-01,2.75,3.0,2.75,2.75,479998,ABTX-200001
1996-03-04,2.75,2.875,2.75,2.875,278300,ABTX-200001
1996-03-05,2.75,3.125,2.75,3.0,595920,ABTX-200001
1996-03-06,2.875,3.25,2.875,3.25,214037,ABTX-200001
1996-03-07,3.25,3.25,3.0,3.25,208200,ABTX-200001
1996-03-08,3.25,3.25,2.875,3.0,159641,ABTX-200001
1996-03-11,3.0,3.375,3.0,3.25,131916,ABTX-200001
1996-03-12,3.25,4.0,3.25,3.625,406413,ABTX-200001
1996-03-13,3.75,4.0,3.75,3.75,369940,ABTX-200001
1996-03-14,3.875,4.0,3.5,3.75,240199,ABTX-200001
1996-03-15,4.0,4.0,3.5,3.75,124702,ABTX-200001
1996-03-18,3.5,3.75,3.375,3.5,97905,ABTX-200001
1996-03-19,3.5,3.75,3.5,3.75,86848,ABTX-200001
1996-03-20,3.5,3.875,3.5,3.875,87434,ABTX-200001
1996-03-21,3.875,4.25,3.875,4.0,312467,ABTX-200001
1996-03-22,4.0,4.0,4.0,4.0,42640,ABTX-200001
1996-03-25,4.0,4.0,3.5,3.75,135267,ABTX-200001
1996-03-26,3.5,3.75,3.5,3.625,87081,ABTX-200001
1996-03-27,3.625,3.75,3.25,3.25,78640,ABTX-200001
1996-03-28,3.5,3.5,3.0,3.5,169825,ABTX-200001
1996-03-29,3.625,3.75,3.5,3.75,107097,ABTX-200001
1996-04-01,3.75,3.75,3.5,3.75,93924,ABTX-200001
1996-04-02,3.5,3.875,3.5,3.875,157580,ABTX-200001
1996-04-03,3.875,3.875,3.5,3.5,42790,ABTX-200001
1996-04-04,3.5,3.75,3.5,3.625,140300,ABTX-200001
1996-04-08,3.5,3.75,3.5,3.75,27275,ABTX-200001
1996-04-09,3.75,4.125,3.625,4.0,184613,ABTX-200001
1996-04-10,4.0,4.125,3.75,4.0,269465,ABTX-200001
1996-04-11,4.0,4.0,3.75,3.875,66825,ABTX-200001
1996-04-12,4.0,4.0,3.75,4.0,121246,ABTX-200001
1996-04-15,4.0,4.25,3.875,4.25,217246,ABTX-200001
1996-04-16,4.25,4.625,4.125,4.5,533876,ABTX-200001
1996-04-17,4.625,4.75,4.5,4.625,369372,ABTX-200001
1996-04-18,4.75,5.0,4.625,5.0,440996,ABTX-200001
1996-04-19,5.0,5.0,4.625,4.75,510328,ABTX-200001
1996-04-22,4.75,4.75,4.25,4.5,400165,ABTX-200001
1996-04-23,4.5,4.75,4.0,4.25,294925,ABTX-200001
1996-04-24,4.125,4.5,4.125,4.5,224140,ABTX-200001
1996-04-25,4.5,4.75,4.375,4.625,269936,ABTX-200001
1996-04-26,4.625,4.75,4.5,4.75,113600,ABTX-200001
1996-04-29,4.5,4.75,4.25,4.25,200285,ABTX-200001
1996-04-30,4.25,4.25,3.875,4.0,249575,ABTX-200001
1996-05-01,4.25,4.5,4.125,4.25,180853,ABTX-200001
1996-05-02,4.125,4.25,4.125,4.25,106905,ABTX-200001
1996-05-03,4.25,4.375,4.125,4.25,188595,ABTX-200001
1996-05-06,4.25,4.375,4.0,4.0,155860,ABTX-200001
1996-05-07,4.0,4.125,3.875,4.0,203253,ABTX-200001
1996-05-08,4.125,4.125,3.75,3.75,99244,ABTX-200001
1996-05-09,3.75,4.25,3.75,4.125,195085,ABTX-200001
1996-05-10,4.125,4.5,4.125,4.5,170247,ABTX-200001
1996-05-13,4.25,4.75,4.25,4.625,252150,ABTX-200001
1996-05-14,4.625,4.75,4.0,4.0,288363,ABTX-200001
1996-05-15,4.25,4.25,4.0,4.0,171057,ABTX-200001
1996-05-16,4.0,4.25,4.0,4.25,32113,ABTX-200001
1996-05-17,4.25,4.25,4.0,4.125,36604,ABTX-200001
1996-05-20,4.0,4.125,4.0,4.0,91664,ABTX-200001
1996-05-21,4.0,4.0,3.75,3.75,201579,ABTX-200001
1996-05-22,3.75,4.0,3.625,4.0,65630,ABTX-200001
1996-05-23,4.0,4.0,3.5,3.625,104594,ABTX-200001
1996-05-24,3.75,3.75,3.5,3.5,88375,ABTX-200001
1996-05-28,3.625,4.0,3.5,3.75,230190,ABTX-200001
1996-05-29,3.875,4.25,3.875,4.25,213875,ABTX-200001
1996-05-30,4.25,4.5,4.25,4.25,207695,ABTX-200001
1996-05-31,4.5,4.5,4.25,4.375,60817,ABTX-200001
1996-06-03,4.375,4.375,4.0,4.0,101728,ABTX-200001
1996-06-04,4.0,4.125,3.875,4.0,76211,ABTX-200001
1996-06-05,4.125,4.25,3.875,4.125,23589,ABTX-200001
1996-06-06,4.25,4.25,4.0,4.0,27500,ABTX-200001
1996-06-07,4.0,4.25,4.0,4.125,47894,ABTX-200001
1996-06-10,4.25,4.25,4.0,4.125,82115,ABTX-200001
1996-06-11,4.125,4.25,4.0,4.25,86125,ABTX-200001
1996-06-12,4.0,4.25,4.0,4.0,103400,ABTX-200001
1996-06-13,4.25,4.25,4.0,4.125,64411,ABTX-200001
1996-06-14,4.125,4.125,4.0,4.125,65087,ABTX-200001
1996-06-17,4.125,4.25,4.0,4.25,189685,ABTX-200001
1996-06-18,4.25,4.5,4.25,4.25,182820,ABTX-200001
1996-06-19,4.25,4.25,4.125,4.125,93150,ABTX-200001
1996-06-20,4.25,4.25,3.875,4.0,58525,ABTX-200001
1996-06-21,4.0,4.125,3.75,3.75,83700,ABTX-200001
1996-06-24,4.0,4.0,3.75,4.0,58500,ABTX-200001
1996-06-25,4.125,4.25,4.0,4.0,44882,ABTX-200001
1996-06-26,4.0,4.25,4.0,4.125,46050,ABTX-200001
1996-06-27,4.25,4.25,4.0,4.0,75450,ABTX-200001
1996-06-28,4.0,4.125,4.0,4.0,38020,ABTX-200001
1996-07-01,4.125,4.125,4.0,4.0,62636,ABTX-200001
1996-07-02,4.125,4.125,3.875,4.0,76830,ABTX-200001
1996-07-03,4.0,4.0,4.0,4.0,66985,ABTX-200001
1996-07-05,4.0,4.0,4.0,4.0,13200,ABTX-200001
1996-07-08,4.0,4.0,3.875,4.0,48420,ABTX-200001
1996-07-09,3.875,4.0,3.75,4.0,74820,ABTX-200001
1996-07-10,4.0,4.0,3.875,4.0,69345,ABTX-200001
1996-07-11,4.0,4.0,3.75,4.0,79060,ABTX-200001
1996-07-12,4.0,4.0,3.75,4.0,33012,ABTX-200001
1996-07-15,3.75,4.0,3.75,4.0,37100,ABTX-200001
1996-07-16,3.75,4.0,3.5,3.875,60300,ABTX-200001
1996-07-17,4.0,4.0,3.75,4.0,10400,ABTX-200001
1996-07-18,3.75,4.0,3.75,3.75,73655,ABTX-200001
1996-07-19,3.875,3.875,3.75,3.75,86606,ABTX-200001
1996-07-22,3.875,3.875,3.625,3.75,49225,ABTX-200001
1996-07-23,3.75,3.75,3.625,3.625,69850,ABTX-200001
1996-07-24,3.5,3.625,3.25,3.25,81675,ABTX-200001
1996-07-25,3.5,3.5,3.25,3.25,17325,ABTX-200001
1996-07-26,3.5,3.5,3.25,3.25,48421,ABTX-200001
1996-07-29,3.5,3.5,3.0,3.125,71660,ABTX-200001
1996-07-30,3.125,3.25,3.0,3.25,82388,ABTX-200001
1996-07-31,3.25,3.375,3.125,3.25,62255,ABTX-200001
1996-08-01,3.125,3.25,3.0,3.125,34300,ABTX-200001
1996-08-02,3.125,3.25,3.0,3.0,205640,ABTX-200001
1996-08-05,3.125,3.25,3.0,3.125,38800,ABTX-200001
1996-08-06,3.0,3.25,3.0,3.0,163800,ABTX-200001
1996-08-07,3.125,3.125,2.75,2.75,71161,ABTX-200001
1996-08-08,3.0,3.0,2.75,3.0,54483,ABTX-200001
1996-08-09,3.0,3.0,3.0,3.0,41200,ABTX-200001
1996-08-12,3.0,3.0,2.75,3.0,30823,ABTX-200001
1996-08-13,2.75,3.0,2.75,2.875,98831,ABTX-200001
1996-08-14,2.75,3.0,2.75,2.75,152596,ABTX-200001
1996-08-15,3.0,3.0,2.75,2.875,28250,ABTX-200001
1996-08-16,2.875,2.875,2.875,2.875,64651,ABTX-200001
1996-08-19,2.875,2.875,2.875,2.875,92247,ABTX-200001
1996-08-20,2.875,2.875,2.875,2.875,47362,ABTX-200001
1996-08-21,2.875,2.875,2.875,2.875,128805,ABTX-200001
1996-08-22,2.875,2.875,2.875,2.875,72850,ABTX-200001
1996-08-23,2.875,2.875,2.75,2.875,87225,ABTX-200001
1996-08-26,2.875,2.875,2.75,2.75,31735,ABTX-200001
1996-08-27,2.875,2.875,2.75,2.875,185843,ABTX-200001
1996-08-28,2.875,2.875,2.625,2.625,123872,ABTX-200001
1996-08-29,2.625,2.625,2.375,2.5,189185,ABTX-200001
1996-08-30,2.5,2.75,2.5,2.75,88050,ABTX-200001
1996-09-03,2.5,2.75,2.5,2.75,129372,ABTX-200001
1996-09-04,2.75,2.75,2.5,2.625,65300,ABTX-200001
1996-09-05,2.625,2.75,2.5,2.5,27550,ABTX-200001
1996-09-06,2.5,2.625,2.5,2.625,38207,ABTX-200001
1996-09-09,2.75,2.75,2.375,2.5,277469,ABTX-200001
1996-09-10,2.5,2.75,2.5,2.625,268341,ABTX-200001
1996-09-11,2.75,3.0,2.625,2.625,387900,ABTX-200001
1996-09-12,2.75,2.75,2.5,2.75,121600,ABTX-200001
1996-09-13,2.75,3.0,2.75,2.75,313730,ABTX-200001
1996-09-16,2.75,2.75,2.75,2.75,48340,ABTX-200001
1996-09-17,2.75,3.0,2.75,2.75,78442,ABTX-200001
1996-09-18,3.0,3.0,2.75,2.875,95456,ABTX-200001
1996-09-19,3.0,3.0,2.75,2.75,161497,ABTX-200001
1996-09-20,2.75,2.75,2.625,2.625,123803,ABTX-200001
1996-09-23,2.75,2.75,2.75,2.75,147625,ABTX-200001
1996-09-24,2.75,2.75,2.75,2.75,137692,ABTX-200001
1996-09-25,2.75,2.75,2.625,2.625,180600,ABTX-200001
1996-09-26,2.75,2.75,2.625,2.625,254975,ABTX-200001
1996-09-27,2.75,2.75,2.625,2.625,99450,ABTX-200001
1996-09-30,2.75,2.75,2.5,2.625,289693,ABTX-200001
1996-10-01,2.75,2.75,2.5,2.75,125543,ABTX-200001
1996-10-02,2.75,2.75,2.5,2.75,121350,ABTX-200001
1996-10-03,2.75,3.0,2.75,2.75,138960,ABTX-200001
1996-10-04,2.875,2.875,2.625,2.75,145795,ABTX-200001
1996-10-07,2.75,2.75,2.625,2.75,32450,ABTX-200001
1996-10-08,2.75,2.75,2.75,2.75,116185,ABTX-200001
1996-10-09,2.75,2.75,2.625,2.75,81950,ABTX-200001
1996-10-10,2.75,2.75,2.625,2.75,71292,ABTX-200001
1996-10-11,2.75,2.75,2.625,2.75,37950,ABTX-200001
1996-10-14,2.625,2.75,2.625,2.625,13000,ABTX-200001
1996-10-15,2.625,2.75,2.625,2.75,98150,ABTX-200001
1996-10-16,2.75,2.75,2.75,2.75,66425,ABTX-200001
1996-10-17,2.75,2.75,2.625,2.75,60950,ABTX-200001
1996-10-18,2.625,2.75,2.625,2.75,56950,ABTX-200001
1996-10-21,2.75,2.75,2.625,2.75,134636,ABTX-200001
1996-10-22,2.625,2.75,2.5,2.5,58085,ABTX-200001
1996-10-23,2.625,2.625,2.5,2.5,91150,ABTX-200001
1996-10-24,2.625,2.625,2.25,2.25,70450,ABTX-200001
1996-10-25,2.5,2.5,2.25,2.375,79529,ABTX-200001
1996-10-28,2.5,2.5,2.375,2.5,54280,ABTX-200001
1996-10-29,2.5,2.5,2.375,2.375,38524,ABTX-200001
1996-10-30,2.25,2.375,2.125,2.25,111696,ABTX-200001
1996-10-31,2.375,2.5,2.25,2.25,68690,ABTX-200001
1996-11-01,2.25,2.5,2.25,2.375,89200,ABTX-200001
1996-11-04,2.25,2.375,2.25,2.25,86852,ABTX-200001
1996-11-05,2.25,2.5,2.125,2.25,134451,ABTX-200001
1996-11-06,2.25,2.375,2.125,2.375,21825,ABTX-200001
1996-11-07,2.25,2.375,2.25,2.375,188929,ABTX-200001
1996-11-08,2.375,2.375,2.25,2.25,163516,ABTX-200001
1996-11-11,2.25,2.25,2.25,2.25,89998,ABTX-200001
1996-11-12,2.25,2.25,2.25,2.25,157800,ABTX-200001
1996-11-13,2.25,2.25,2.25,2.25,221774,ABTX-200001
1996-11-14,2.25,2.5,2.25,2.5,568085,ABTX-200001
1996-11-15,2.5,2.75,2.5,2.5,796017,ABTX-200001
1996-11-18,2.5,2.5,2.25,2.25,178782,ABTX-200001
1996-11-19,2.375,2.375,2.25,2.25,280416,ABTX-200001
1996-11-20,2.25,2.25,2.25,2.25,131240,ABTX-200001
1996-11-21,2.25,2.25,2.25,2.25,155575,ABTX-200001
1996-11-22,2.25,2.25,2.25,2.25,138613,ABTX-200001
1996-11-25,2.25,2.25,2.25,2.25,164288,ABTX-200001
1996-11-26,2.25,2.25,2.25,2.25,207285,ABTX-200001
1996-11-27,2.25,2.25,2.125,2.125,168250,ABTX-200001
1996-11-29,2.25,2.25,2.0,2.25,105950,ABTX-200001
1996-12-02,2.25,2.25,2.0,2.25,230100,ABTX-200001
1996-12-03,2.25,2.25,2.25,2.25,452794,ABTX-200001
1996-12-04,2.25,2.375,2.25,2.375,758343,ABTX-200001
1996-12-05,2.375,2.5,2.25,2.375,927744,ABTX-200001
1996-12-06,2.375,2.375,2.25,2.25,314750,ABTX-200001
1996-12-09,2.25,2.25,2.25,2.25,151990,ABTX-200001
1996-12-10,2.25,2.25,2.25,2.25,277310,ABTX-200001
1996-12-11,2.25,2.25,2.25,2.25,94650,ABTX-200001
1996-12-12,2.25,2.75,2.125,2.125,153627,ABTX-200001
1996-12-13,2.125,2.25,2.125,2.125,26400,ABTX-200001
1996-12-16,2.125,2.25,2.125,2.125,108699,ABTX-200001
1996-12-17,2.125,2.125,2.0,2.0,354070,ABTX-200001
1996-12-18,2.0,2.0,2.0,2.0,212800,ABTX-200001
1996-12-19,2.0,2.125,2.0,2.0,238447,ABTX-200001
1996-12-20,2.125,2.125,2.0,2.125,311458,ABTX-200001
1996-12-23,2.125,2.25,2.0,2.125,487952,ABTX-200001
1996-12-24,2.125,2.125,2.0,2.125,92365,ABTX-200001
1996-12-26,2.0,2.125,2.0,2.125,95147,ABTX-200001
1996-12-27,2.125,2.125,2.0,2.125,281041,ABTX-200001
1996-12-30,2.0,2.25,2.0,2.25,206550,ABTX-200001
1996-12-31,2.25,2.25,2.125,2.25,160200,ABTX-200001
1997-01-02,2.25,2.25,2.125,2.25,107217,ABTX-200001
1997-01-03,2.25,2.25,2.125,2.25,108245,ABTX-200001
1997-01-06,2.25,2.25,2.125,2.25,198731,ABTX-200001
1997-01-07,2.25,2.25,2.125,2.25,288338,ABTX-200001
1997-01-08,2.25,2.25,2.125,2.25,209713,ABTX-200001
1997-01-09,2.25,2.25,2.0,2.125,124847,ABTX-200001
1997-01-10,2.125,2.25,2.0,2.125,295160,ABTX-200001
1997-01-13,2.125,2.125,2.0,2.125,217262,ABTX-200001
1997-01-14,2.125,2.125,2.0,2.0,425076,ABTX-200001
1997-01-15,2.0,2.125,2.0,2.125,397998,ABTX-200001
1997-01-16,2.125,2.125,2.0,2.125,404626,ABTX-200001
1997-01-17,2.125,2.125,2.0,2.125,519889,ABTX-200001
1997-01-20,2.125,2.25,2.125,2.25,742350,ABTX-200001
1997-01-21,2.25,2.25,2.25,2.25,541755,ABTX-200001
1997-01-22,2.25,2.75,2.25,2.75,1572710,ABTX-200001
1997-01-23,3.0,3.25,2.875,3.0,1278480,ABTX-200001
1997-01-24,3.0,3.0,2.875,3.0,458332,ABTX-200001
1997-01-27,3.0,3.125,3.0,3.0,340484,ABTX-200001
1997-01-28,3.0,3.125,2.625,2.625,565050,ABTX-200001
1997-01-29,2.75,2.75,2.625,2.75,474962,ABTX-200001
1997-01-30,2.75,3.125,2.75,3.125,533310,ABTX-200001
1997-01-31,3.125,3.5,3.125,3.375,678674,ABTX-200001
1997-02-03,3.25,3.375,3.0,3.125,292478,ABTX-200001
1997-02-04,3.0,3.25,3.0,3.125,162448,ABTX-200001
1997-02-05,3.125,3.25,3.0,3.25,297168,ABTX-200001
1997-02-06,3.25,3.25,3.125,3.25,329089,ABTX-200001
1997-02-07,3.25,3.25,3.125,3.25,145415,ABTX-200001
1997-02-10,3.125,3.25,3.125,3.125,219273,ABTX-200001
1997-02-11,3.125,3.25,3.0,3.0,370876,ABTX-200001
1997-02-12,3.0,3.25,3.0,3.125,1091980,ABTX-200001
1997-02-13,3.25,3.25,3.125,3.25,462409,ABTX-200001
1997-02-14,3.25,3.25,3.125,3.25,174428,ABTX-200001
1997-02-18,3.125,3.25,3.125,3.125,215592,ABTX-200001
1997-02-19,3.25,3.25,3.125,3.25,162431,ABTX-200001
1997-02-20,3.25,3.25,3.125,3.25,330242,ABTX-200001
1997-02-21,3.25,3.25,3.125,3.25,192788,ABTX-200001
1997-02-24,3.25,3.25,3.25,3.25,108260,ABTX-200001
1997-02-25,3.25,3.25,3.25,3.25,182388,ABTX-200001
1997-02-26,3.25,3.375,3.125,3.125,258335,ABTX-200001
1997-02-27,3.25,3.25,3.125,3.25,78975,ABTX-200001
1997-02-28,3.25,3.25,3.125,3.125,163091,ABTX-200001
1997-03-03,3.125,3.25,3.125,3.25,86275,ABTX-200001
1997-03-04,3.25,3.25,3.125,3.125,94710,ABTX-200001
1997-03-05,3.125,3.25,3.125,3.25,142664,ABTX-200001
1997-03-06,3.25,3.25,3.0,3.125,107847,ABTX-200001
1997-03-07,3.125,3.125,3.0,3.0,179215,ABTX-200001
1997-03-10,3.0,3.125,3.0,3.125,83306,ABTX-200001
1997-03-11,3.125,3.25,3.125,3.125,84867,ABTX-200001
1997-03-12,3.125,3.25,3.0,3.0,280331,ABTX-200001
1997-03-13,3.0,3.125,3.0,3.0,193895,ABTX-200001
1997-03-14,3.0,3.125,3.0,3.0,149057,ABTX-200001
1997-03-17,3.0,3.25,3.0,3.25,91250,ABTX-200001
1997-03-18,3.25,3.25,3.125,3.125,102609,ABTX-200001
1997-03-19,3.125,3.125,3.0,3.0,110140,ABTX-200001
1997-03-20,3.125,3.125,2.875,3.0,114502,ABTX-200001
1997-03-21,2.875,3.0,2.75,3.0,150990,ABTX-200001
1997-03-24,3.0,3.0,2.75,2.75,138800,ABTX-200001
1997-03-25,2.75,2.75,2.5,2.5,293091,ABTX-200001
1997-03-26,2.5,2.5,2.5,2.5,396720,ABTX-200001
1997-03-27,2.5,2.75,2.5,2.75,131811,ABTX-200001
1997-03-31,2.75,2.75,2.625,2.625,119837,ABTX-200001
1997-04-01,2.625,2.625,2.5,2.625,158040,ABTX-200001
1997-04-02,2.625,2.625,2.375,2.5,124410,ABTX-200001
1997-04-03,2.375,2.5,2.375,2.5,98102,ABTX-200001
1997-04-04,2.5,2.75,2.5,2.75,283240,ABTX-200001
1997-04-07,2.75,2.75,2.5,2.625,189925,ABTX-200001
1997-04-08,2.75,2.75,2.625,2.75,229375,ABTX-200001
1997-04-09,2.75,2.875,2.625,2.75,303305,ABTX-200001
1997-04-10,2.75,2.75,2.75,2.75,129280,ABTX-200001
1997-04-11,2.75,2.75,2.25,2.75,145095,ABTX-200001
1997-04-14,2.75,2.75,2.625,2.75,88989,ABTX-200001
1997-04-15,2.75,2.75,2.75,2.75,116434,ABTX-200001
1997-04-16,2.75,2.75,2.75,2.75,126776,ABTX-200001
1997-04-17,2.75,2.75,2.75,2.75,201735,ABTX-200001
1997-04-18,2.75,2.75,2.75,2.75,79480,ABTX-200001
1997-04-21,2.875,3.0,2.75,3.0,118825,ABTX-200001
1997-04-22,3.0,3.125,3.0,3.125,162711,ABTX-200001
1997-04-23,3.125,3.125,2.875,3.0,165187,ABTX-200001
1997-04-24,3.125,3.125,3.0,3.0,68810,ABTX-200001
1997-04-25,3.125,3.125,3.0,3.0,203120,ABTX-200001
1997-04-28,3.0,3.125,3.0,3.125,87260,ABTX-200001
1997-04-29,3.0,3.125,2.75,3.0,203300,ABTX-200001
1997-04-30,3.0,3.25,3.0,3.25,206155,ABTX-200001
1997-05-01,3.25,3.25,3.125,3.25,259237,ABTX-200001
1997-05-02,3.25,3.375,3.25,3.25,152311,ABTX-200001
1997-05-05,3.25,3.5,3.25,3.5,153517,ABTX-200001
1997-05-06,3.5,4.0,3.375,3.75,537886,ABTX-200001
1997-05-07,3.75,4.0,3.75,3.875,485869,ABTX-200001
1997-05-08,3.75,4.0,3.75,3.75,253091,ABTX-200001
1997-05-09,3.875,3.875,3.625,3.75,275033,ABTX-200001
1997-05-12,3.75,3.875,3.75,3.75,328134,ABTX-200001
1997-05-13,3.75,3.875,3.25,3.25,324217,ABTX-200001
1997-05-14,3.375,3.75,3.25,3.625,369085,ABTX-200001
1997-05-15,3.625,3.75,3.5,3.75,146761,ABTX-200001
1997-05-16,3.75,4.0,3.75,3.75,310191,ABTX-200001
1997-05-19,3.875,4.125,3.75,4.0,479021,ABTX-200001
1997-05-20,4.0,4.25,4.0,4.25,467682,ABTX-200001
1997-05-21,4.5,4.75,4.25,4.75,694627,ABTX-200001
1997-05-22,4.75,4.875,4.75,4.75,373351,ABTX-200001
1997-05-23,4.75,4.75,4.25,4.625,368504,ABTX-200001
1997-05-27,4.625,4.75,4.5,4.625,238045,ABTX-200001
1997-05-28,4.625,4.625,4.25,4.5,252890,ABTX-200001
1997-05-29,4.5,4.5,4.25,4.375,285104,ABTX-200001
1997-05-30,4.25,4.625,4.25,4.5,211500,ABTX-200001
1997-06-02,4.5,4.5,4.25,4.5,281002,ABTX-200001
1997-06-03,4.5,4.75,4.5,4.75,212303,ABTX-200001
1997-06-04,4.875,5.0,4.75,4.875,384663,ABTX-200001
1997-06-05,4.875,5.25,4.875,5.25,538441,ABTX-200001
1997-06-06,5.25,5.5,5.25,5.375,505375,ABTX-200001
1997-06-09,5.5,5.625,5.25,5.375,412369,ABTX-200001
1997-06-10,5.25,5.375,4.75,5.125,722525,ABTX-200001
1997-06-11,5.0,5.125,5.0,5.125,249406,ABTX-200001
1997-06-12,5.125,5.25,5.125,5.125,225230,ABTX-200001
1997-06-13,5.0,5.0,4.75,5.0,359316,ABTX-200001
1997-06-16,5.0,5.375,5.0,5.0,270087,ABTX-200001
1997-06-17,5.125,5.25,5.0,5.25,234241,ABTX-200001
1997-06-18,5.25,6.125,5.25,6.0,1032850,ABTX-200001
1997-06-19,6.25,6.375,6.0,6.125,738095,ABTX-200001
1997-06-20,6.125,6.25,5.75,5.75,399189,ABTX-200001
1997-06-23,5.875,6.25,5.75,6.0,429522,ABTX-200001
1997-06-24,6.25,6.75,6.25,6.625,776953,ABTX-200001
1997-06-25,6.78125,7.0,6.25,6.3125,634869,ABTX-200001
1997-06-26,6.375,6.5625,6.0625,6.5,674537,ABTX-200001
1997-06-27,6.5625,6.9375,6.46875,6.625,1142560,ABTX-200001
1997-06-30,6.5625,6.96875,6.5,6.9375,385017,ABTX-200001
1997-07-01,6.9375,6.96875,6.5,6.6875,306534,ABTX-200001
1997-07-02,6.75,6.8125,6.5625,6.6875,233362,ABTX-200001
1997-07-03,6.875,7.0,6.78125,6.9375,294163,ABTX-200001
1997-07-07,6.96875,6.96875,6.75,6.875,180375,ABTX-200001
1997-07-08,6.875,6.875,6.125,6.3125,367435,ABTX-200001
1997-07-09,6.5,6.5,5.875,6.03125,595344,ABTX-200001
1997-07-10,5.8125,6.1875,5.75,6.1875,293538,ABTX-200001
1997-07-11,6.0625,6.375,6.0,6.15625,276977,ABTX-200001
1997-07-14,6.375,6.5,6.15625,6.25,167895,ABTX-200001
1997-07-15,6.34375,6.4375,6.15625,6.34375,206502,ABTX-200001
1997-07-16,6.375,6.65625,6.3125,6.5625,211273,ABTX-200001
1997-07-17,6.5,6.875,6.5,6.65625,320496,ABTX-200001
1997-07-18,6.65625,6.75,6.375,6.4375,233943,ABTX-200001
1997-07-21,6.375,6.5,6.25,6.46875,137065,ABTX-200001
1997-07-22,6.3125,6.5625,6.3125,6.375,65345,ABTX-200001
1997-07-23,6.5,6.5,6.28125,6.375,128729,ABTX-200001
1997-07-24,6.3125,6.6875,6.3125,6.5625,146419,ABTX-200001
1997-07-25,6.46875,6.8125,6.46875,6.75,209890,ABTX-200001
1997-07-28,6.8125,6.96875,6.6875,6.78125,298517,ABTX-200001
1997-07-29,6.75,6.8125,6.625,6.71875,88550,ABTX-200001
1997-07-30,6.65625,6.84375,6.625,6.625,153738,ABTX-200001
1997-07-31,6.75,7.5625,6.75,7.4375,871841,ABTX-200001
1997-08-01,7.5,7.78125,7.40625,7.59375,581142,ABTX-200001
1997-08-04,7.59375,7.625,7.375,7.46875,430185,ABTX-200001
1997-08-05,7.5,7.53125,7.3125,7.4375,402730,ABTX-200001
1997-08-06,7.53125,7.96875,7.40625,7.875,494202,ABTX-200001
1997-08-07,8.0625,8.1875,7.875,8.125,1179770,ABTX-200001
1997-08-08,7.9375,8.3125,7.8125,8.1875,411248,ABTX-200001
1997-08-11,8.1875,8.53125,8.125,8.5,371338,ABTX-200001
1997-08-12,8.4375,9.0625,8.4375,8.75,801478,ABTX-200001
1997-08-13,9.0,9.0625,8.4375,8.5,367356,ABTX-200001
1997-08-14,8.8125,8.8125,7.4375,7.9375,503581,ABTX-200001
1997-08-15,8.0,8.125,7.4375,7.5,275619,ABTX-200001
1997-08-18,7.75,7.9375,7.5,7.875,170626,ABTX-200001
1997-08-19,7.875,8.4375,7.78125,8.34375,203090,ABTX-200001
1997-08-20,8.4375,8.9375,8.25,8.625,207488,ABTX-200001
1997-08-21,8.875,8.875,8.0,8.1875,210204,ABTX-200001
1997-08-22,8.0,8.5625,7.78125,8.5,194756,ABTX-200001
1997-08-25,8.5,8.75,8.375,8.375,198506,ABTX-200001
1997-08-26,8.25,8.5625,8.25,8.4375,100350,ABTX-200001
1997-08-27,8.3125,8.75,8.3125,8.4375,176317,ABTX-200001
1997-08-28,8.40625,8.625,8.375,8.5625,147097,ABTX-200001
1997-08-29,8.5,8.5625,8.1875,8.5,147237,ABTX-200001
1997-09-02,8.4375,8.5,8.0,8.0625,169431,ABTX-200001
1997-09-03,8.25,8.25,7.5625,7.71875,246318,ABTX-200001
1997-09-04,7.5625,7.9375,7.5625,7.8125,126120,ABTX-200001
1997-09-05,7.75,8.1875,7.75,7.9375,141840,ABTX-200001
1997-09-08,8.125,8.75,8.0625,8.5625,440197,ABTX-200001
1997-09-09,8.6875,8.75,8.5625,8.5625,227508,ABTX-200001
1997-09-10,8.625,8.6875,8.4375,8.59375,201131,ABTX-200001
1997-09-11,8.59375,8.875,8.5,8.84375,321087,ABTX-200001
1997-09-12,8.875,9.125,8.6875,9.0,566723,ABTX-200001
1997-09-15,9.125,9.875,9.0625,9.75,1226980,ABTX-200001
1997-09-16,9.9375,10.0625,9.8125,9.9375,511329,ABTX-200001
1997-09-17,10.0625,10.0625,9.8125,9.875,460983,ABTX-200001
1997-09-18,9.9375,9.9375,9.5,9.6875,217932,ABTX-200001
1997-09-19,9.6875,9.9375,9.3125,9.9375,183752,ABTX-200001
1997-09-22,9.9375,10.0,9.75,10.0,224351,ABTX-200001
1997-09-23,10.0,10.1875,9.875,10.125,312423,ABTX-200001
1997-09-24,10.1875,10.625,10.125,10.5,520254,ABTX-200001
1997-09-25,10.4375,10.5,9.375,9.875,766498,ABTX-200001
1997-09-26,10.0,10.1875,9.875,10.125,266811,ABTX-200001
1997-09-29,10.125,10.375,10.125,10.3125,135519,ABTX-200001
1997-09-30,10.3125,10.6875,10.125,10.5,285273,ABTX-200001
1997-10-01,10.6875,10.75,10.3125,10.5,206895,ABTX-200001
1997-10-02,10.375,10.5625,10.125,10.5,165467,ABTX-200001
1997-10-03,10.4375,10.625,10.375,10.375,174535,ABTX-200001
1997-10-06,10.5,10.5625,10.25,10.25,119789,ABTX-200001
1997-10-07,10.4375,10.8125,10.25,10.8125,378484,ABTX-200001
1997-10-08,10.8125,11.0,10.625,10.9375,383867,ABTX-200001
1997-10-09,11.0,11.5,10.8125,11.4375,449379,ABTX-200001
1997-10-10,11.4375,11.5625,11.1875,11.375,285252,ABTX-200001
1997-10-13,11.4375,11.4375,10.625,10.875,255928,ABTX-200001
1997-10-14,10.9375,10.9375,10.125,10.4375,338759,ABTX-200001
1997-10-15,10.3125,10.375,9.6875,10.25,397884,ABTX-200001
1997-10-16,10.375,10.375,9.0,9.75,485254,ABTX-200001
1997-10-17,9.625,10.25,9.625,10.0,354072,ABTX-200001
1997-10-20,10.125,10.25,9.875,10.0625,191833,ABTX-200001
1997-10-21,10.125,10.125,9.375,9.6875,341736,ABTX-200001
1997-10-22,9.6875,9.875,9.625,9.75,77540,ABTX-200001
1997-10-23,9.375,9.75,9.125,9.4375,395425,ABTX-200001
1997-10-24,9.875,10.0625,9.625,9.875,273609,ABTX-200001
1997-10-27,9.75,9.9375,8.5,9.0,387426,ABTX-200001
1997-10-28,7.25,10.0,6.75,9.625,1177880,ABTX-200001
1997-10-29,9.8125,10.375,9.8125,10.3125,564629,ABTX-200001
1997-10-30,9.625,10.1875,9.625,9.875,229416,ABTX-200001
1997-10-31,10.0,10.3125,9.75,9.9375,177265,ABTX-200001
1997-11-03,10.0,10.125,9.78125,10.125,155885,ABTX-200001
1997-11-04,9.875,10.375,9.875,10.25,181810,ABTX-200001
1997-11-05,10.0625,10.25,9.875,10.0625,85688,ABTX-200001
1997-11-06,10.0625,10.25,9.9375,10.125,53654,ABTX-200001
1997-11-07,9.75,9.9375,9.5,9.75,227417,ABTX-200001
1997-11-10,9.9375,10.0,9.4375,9.875,173066,ABTX-200001
1997-11-11,9.625,10.0,9.625,9.875,117555,ABTX-200001
1997-11-12,9.625,9.75,9.5625,9.75,211084,ABTX-200001
1997-11-13,9.625,9.8125,9.5625,9.6875,179880,ABTX-200001
1997-11-14,9.5,9.75,9.5,9.75,114252,ABTX-200001
1997-11-17,9.5625,9.875,9.5625,9.6875,62820,ABTX-200001
1997-11-18,9.5,9.75,9.375,9.5,163901,ABTX-200001
1997-11-19,9.5,9.5625,8.9375,9.125,255918,ABTX-200001
1997-11-20,9.125,9.6875,9.125,9.6875,214700,ABTX-200001
1997-11-21,9.625,9.875,9.5,9.625,141713,ABTX-200001
1997-11-24,9.5,9.625,9.4375,9.5,218870,ABTX-200001
1997-11-25,9.5,9.8125,9.46875,9.6875,121087,ABTX-200001
1997-11-26,9.75,10.25,9.75,10.0,279907,ABTX-200001
1997-11-28,10.125,10.125,9.875,9.875,68492,ABTX-200001
1997-12-01,10.125,10.25,9.875,10.1875,162408,ABTX-200001
1997-12-02,10.25,10.25,10.125,10.1875,162656,ABTX-200001
1997-12-03,10.3125,10.6875,10.25,10.6875,381587,ABTX-200001
1997-12-04,10.8125,11.8125,10.75,11.625,696061,ABTX-200001
1997-12-05,11.25,11.75,11.0625,11.5,263538,ABTX-200001
1997-12-08,11.625,12.0,11.5,12.0,234690,ABTX-200001
1997-12-09,11.9375,13.25,11.9375,13.125,797484,ABTX-200001
1997-12-10,13.4375,14.5,13.0,14.0625,1429100,ABTX-200001
1997-12-11,14.0625,14.0625,12.875,13.5,649946,ABTX-200001
1997-12-12,14.25,15.75,14.1875,15.25,1497350,ABTX-200001
1997-12-15,15.625,15.625,14.625,14.9375,383541,ABTX-200001
1997-12-16,15.25,15.25,13.75,13.75,372141,ABTX-200001
1997-12-17,13.8125,14.75,13.0,13.75,531426,ABTX-200001
1997-12-18,14.375,14.625,14.125,14.5,241330,ABTX-200001
1997-12-19,14.5,14.5,13.625,14.25,349505,ABTX-200001
1997-12-22,14.25,14.875,13.625,14.875,370294,ABTX-200001
1997-12-23,15.0,16.0,14.875,15.75,460098,ABTX-200001
1997-12-24,15.75,16.1875,15.5,15.8125,179191,ABTX-200001
1997-12-26,15.625,16.5,15.625,16.25,176501,ABTX-200001
1997-12-29,17.1875,17.25,16.75,16.8125,349872,ABTX-200001
1997-12-30,17.25,17.25,16.375,17.0,389261,ABTX-200001
1997-12-31,17.0,17.375,16.875,17.0625,213755,ABTX-200001
1998-01-02,16.875,16.875,15.75,16.25,324452,ABTX-200001
1998-01-05,17.0,19.0,16.9375,18.375,1340600,ABTX-200001
1998-01-06,18.6875,19.375,18.375,19.0,714525,ABTX-200001
1998-01-07,19.5625,19.5625,18.25,18.625,864426,ABTX-200001
1998-01-08,18.0,18.5625,18.0,18.21875,414004,ABTX-200001
1998-01-09,18.5625,19.25,18.25,18.75,710327,ABTX-200001
1998-01-12,18.375,18.5,17.375,17.875,829449,ABTX-200001
1998-01-13,18.125,18.5,18.125,18.4375,266859,ABTX-200001
1998-01-14,18.5,18.625,17.875,18.1875,370391,ABTX-200001
1998-01-15,18.0,18.625,18.0,18.5,483203,ABTX-200001
1998-01-16,18.625,19.0625,18.625,18.9375,697904,ABTX-200001
1998-01-20,19.0,19.125,18.75,19.09375,523653,ABTX-200001
1998-01-21,19.0625,19.1875,18.75,19.0625,159848,ABTX-200001
1998-01-22,18.625,18.9375,18.3125,18.625,331543,ABTX-200001
1998-01-23,18.3125,18.375,17.5,17.8125,560282,ABTX-200001
1998-01-26,17.4375,17.625,15.0,15.8125,1598920,ABTX-200001
1998-01-27,15.25,15.375,14.125,14.375,1615590,ABTX-200001
1998-01-28,14.5,16.1875,14.5,16.0,795875,ABTX-200001
1998-01-29,16.375,17.375,16.125,16.875,585121,ABTX-200001
1998-01-30,17.125,17.625,16.375,16.75,439347,ABTX-200001
1998-02-02,17.125,17.625,16.75,16.9375,529468,ABTX-200001
1998-02-03,17.0,17.0625,16.375,16.375,331221,ABTX-200001
1998-02-04,16.5,16.75,15.375,16.4375,391153,ABTX-200001
1998-02-05,16.625,16.9375,15.6875,15.9375,285993,ABTX-200001
1998-02-06,16.25,16.875,16.0,16.625,365978,ABTX-200001
1998-02-09,16.875,17.125,16.375,16.5,465734,ABTX-200001
1998-02-10,16.375,17.5,16.125,17.5,512539,ABTX-200001
1998-02-11,16.375,16.375,15.375,15.8125,1542980,ABTX-200001
1998-02-12,15.3125,15.5,14.5,14.9375,1090000,ABTX-200001
1998-02-13,15.25,15.75,15.125,15.625,522303,ABTX-200001
1998-02-17,16.375,16.5,14.75,15.25,463082,ABTX-200001
1998-02-18,15.0,15.125,14.25,14.6875,428053,ABTX-200001
1998-02-19,14.5,14.875,14.375,14.5,426150,ABTX-200001
1998-02-20,14.75,15.375,14.25,15.25,417512,ABTX-200001
1998-02-23,15.625,16.0,15.3125,15.625,361587,ABTX-200001
1998-02-24,15.375,15.75,14.875,15.375,403302,ABTX-200001
1998-02-25,15.125,15.25,14.5,14.5625,377238,ABTX-200001
1998-02-26,14.625,14.875,14.125,14.3125,411048,ABTX-200001
1998-02-27,14.3125,14.625,14.3125,14.4375,168480,ABTX-200001
1998-03-02,14.25,14.75,14.125,14.71875,336298,ABTX-200001
1998-03-03,14.625,14.75,13.5,14.0625,421239,ABTX-200001
1998-03-04,13.9375,13.9375,12.875,13.4375,910053,ABTX-200001
1998-03-05,12.625,13.9375,12.625,13.875,982275,ABTX-200001
1998-03-06,14.0,15.125,14.0,14.75,576946,ABTX-200001
1998-03-09,14.875,14.875,13.875,14.0,342175,ABTX-200001
1998-03-10,14.375,14.75,14.0,14.5625,248122,ABTX-200001
1998-03-11,14.6875,15.25,14.5,15.1875,373974,ABTX-200001
1998-03-12,15.5,15.5,14.8125,15.125,246686,ABTX-200001
1998-03-13,15.0,15.75,15.0,15.4375,281828,ABTX-200001
1998-03-16,15.625,16.5,15.5,16.5,479984,ABTX-200001
1998-03-17,16.875,17.375,16.125,16.5625,455293,ABTX-200001
1998-03-18,16.5,16.875,16.375,16.5625,142148,ABTX-200001
1998-03-19,16.75,16.75,16.125,16.125,126931,ABTX-200001
1998-03-20,16.0,16.5,15.125,15.6875,264436,ABTX-200001
1998-03-23,15.5,15.875,15.0,15.625,199150,ABTX-200001
1998-03-24,15.625,16.5,15.25,15.75,195478,ABTX-200001
1998-03-25,16.0,16.0,15.75,16.0,292185,ABTX-200001
1998-03-26,16.0,16.875,15.75,16.75,298428,ABTX-200001
1998-03-27,16.875,17.0,16.125,16.625,546994,ABTX-200001
1998-03-30,16.25,16.625,16.0,16.1875,253716,ABTX-200001
1998-03-31,16.0,16.25,15.4375,15.6875,270197,ABTX-200001
1998-04-01,16.25,16.875,16.0,16.25,388715,ABTX-200001
1998-04-02,16.25,16.5,15.625,15.75,225427,ABTX-200001
1998-04-03,15.4375,15.9375,15.25,15.625,227402,ABTX-200001
1998-04-06,15.6875,15.8125,15.3125,15.3125,246945,ABTX-200001
1998-04-07,15.5,15.5,14.625,15.1875,315386,ABTX-200001
1998-04-08,16.5,17.0,15.625,15.6875,598600,ABTX-200001
1998-04-09,16.0,16.0,15.0,15.125,260479,ABTX-200001
1998-04-13,15.375,15.375,14.75,14.9375,244611,ABTX-200001
1998-04-14,14.875,15.125,14.875,15.0,261285,ABTX-200001
1998-04-15,15.0,15.0625,14.5,14.6875,341142,ABTX-200001
1998-04-16,14.75,15.0,14.625,14.8125,481057,ABTX-200001
1998-04-17,14.875,15.25,14.6875,15.0625,350192,ABTX-200001
1998-04-20,15.3125,15.625,15.125,15.375,371870,ABTX-200001
1998-04-21,15.75,15.75,15.25,15.4375,248944,ABTX-200001
1998-04-22,15.375,15.625,14.9375,15.0,397252,ABTX-200001
1998-04-23,15.125,15.125,14.375,14.6875,321489,ABTX-200001
1998-04-24,14.625,14.8125,13.75,14.375,350946,ABTX-200001
1998-04-27,13.75,14.25,13.125,13.8125,422652,ABTX-200001
1998-04-28,13.75,14.5,13.625,14.375,243262,ABTX-200001
1998-04-29,14.25,14.875,14.125,14.75,231847,ABTX-200001
1998-04-30,15.875,15.875,15.125,15.25,489371,ABTX-200001
1998-05-01,15.25,15.75,14.8125,14.875,462623,ABTX-200001
1998-05-04,14.9375,14.9375,13.6875,13.75,638627,ABTX-200001
1998-05-05,13.875,14.1875,13.6875,14.0625,630933,ABTX-200001
1998-05-06,14.1875,14.3125,13.75,13.75,512780,ABTX-200001
1998-05-07,13.9375,14.4375,13.6875,14.3125,854536,ABTX-200001
1998-05-08,14.125,14.5,13.75,13.875,941785,ABTX-200001
1998-05-11,14.9375,17.0,14.625,16.625,3788160,ABTX-200001
1998-05-12,17.25,18.5,16.625,18.3125,4923070,ABTX-200001
1998-05-13,18.75,18.875,17.4375,18.1875,2193940,ABTX-200001
1998-05-14,17.9375,19.625,17.5,18.75,1714880,ABTX-200001
1998-05-15,19.25,19.25,17.875,18.125,1195770,ABTX-200001
1998-05-18,18.125,18.5,17.1875,17.75,655673,ABTX-200001
1998-05-19,17.75,18.125,17.375,17.6875,339797,ABTX-200001
1998-05-20,17.8125,17.8125,17.4375,17.75,293733,ABTX-200001
1998-05-21,17.5625,18.0,17.5,17.625,310032,ABTX-200001
1998-05-22,18.0,18.0,17.5,17.6875,230195,ABTX-200001
1998-05-26,17.9375,18.5,17.75,17.9375,520743,ABTX-200001
1998-05-27,17.375,17.875,17.25,17.5625,391765,ABTX-200001
1998-05-28,17.6875,18.75,17.5,18.375,550946,ABTX-200001
1998-05-29,18.375,19.375,18.375,19.3125,868341,ABTX-200001
1998-06-01,19.3125,19.75,19.0,19.1875,566672,ABTX-200001
1998-06-02,19.375,20.875,19.25,20.625,1020290,ABTX-200001
1998-06-03,20.875,21.5,20.5,20.8125,1174780,ABTX-200001
1998-06-04,21.0,25.0,20.9375,23.75,4657230,ABTX-200001
1998-06-05,24.4375,24.5,21.25,23.0625,3344430,ABTX-200001
1998-06-08,22.875,22.875,21.75,22.375,913819,ABTX-200001
1998-06-09,22.0625,24.0,21.5,23.875,1176280,ABTX-200001
1998-06-10,23.0,23.625,22.75,23.375,448441,ABTX-200001
1998-06-11,23.3125,24.0,22.75,23.125,777362,ABTX-200001
1998-06-12,23.375,23.625,23.125,23.5625,448417,ABTX-200001
1998-06-15,23.125,25.8125,23.0,24.8125,1448110,ABTX-200001
1998-06-16,25.5,26.6875,25.0,25.8125,903520,ABTX-200001
1998-06-17,26.25,26.5,25.0,25.75,1055940,ABTX-200001
1998-06-18,25.625,26.6875,25.125,26.0625,829153,ABTX-200001
1998-06-19,26.0625,29.5,25.75,29.0,1929890,ABTX-200001
1998-06-22,28.625,28.875,27.375,28.625,842799,ABTX-200001
1998-06-23,28.5625,28.875,27.5,27.9375,636176,ABTX-200001
1998-06-24,28.0,28.6875,27.75,27.75,460585,ABTX-200001
1998-06-25,28.125,28.125,25.0,25.625,1541800,ABTX-200001
1998-06-26,25.0625,25.6875,23.375,25.0,1158920,ABTX-200001
1998-06-29,25.4375,26.375,24.8125,26.0625,770248,ABTX-200001
1998-06-30,27.6875,28.75,26.0,27.6875,2277430,ABTX-200001
1998-07-01,27.75,27.75,25.5,25.75,736499,ABTX-200001
1998-07-02,25.625,25.75,24.5,25.0,477772,ABTX-200001
1998-07-06,25.25,26.1875,24.5,25.125,523115,ABTX-200001
1998-07-07,23.5625,24.0,20.875,23.5,2836880,ABTX-200001
1998-07-08,23.875,25.75,23.625,25.0,1309510,ABTX-200001
1998-07-09,25.125,25.5,23.75,24.0,365405,ABTX-200001
1998-07-10,23.75,25.0,23.5,25.0,467613,ABTX-200001
1998-07-13,24.9375,25.0,24.0,24.1875,399364,ABTX-200001
1998-07-14,23.875,24.4375,23.3125,23.75,498648,ABTX-200001
1998-07-15,23.75,23.875,22.5,23.4375,710401,ABTX-200001
1998-07-16,23.375,23.75,22.5,23.125,424330,ABTX-200001
1998-07-17,22.75,23.0,21.0,21.25,895336,ABTX-200001
1998-07-20,20.75,22.5,20.25,21.5,813432,ABTX-200001
1998-07-21,21.375,21.5,19.75,21.0625,1514870,ABTX-200001
1998-07-22,21.0,22.5,20.75,21.25,518614,ABTX-200001
1998-07-23,21.3125,22.0,20.875,21.0625,501850,ABTX-200001
1998-07-24,21.375,21.875,20.0,20.5,402279,ABTX-200001
1998-07-27,20.375,20.8125,19.4375,19.6875,398024,ABTX-200001
1998-07-28,20.25,21.125,19.5,19.6875,752028,ABTX-200001
1998-07-29,19.5625,19.75,17.375,17.875,867463,ABTX-200001
1998-07-30,17.5,19.25,17.125,18.6875,875799,ABTX-200001
1998-07-31,19.0,19.0,16.625,18.0,868350,ABTX-200001
1998-08-03,17.8125,18.125,17.1875,17.25,241925,ABTX-200001
1998-08-04,17.1875,18.25,15.0625,15.5625,1361410,ABTX-200001
1998-08-05,15.5,16.75,15.125,16.5625,1151790,ABTX-200001
1998-08-06,16.5625,18.625,16.4375,18.375,967356,ABTX-200001
1998-08-07,19.25,20.75,18.625,20.0625,1396030,ABTX-200001
1998-08-10,19.9375,21.0,18.75,20.125,653667,ABTX-200001
1998-08-11,18.75,19.5625,18.25,19.3125,880930,ABTX-200001
1998-08-12,20.125,20.25,18.5,19.0,445339,ABTX-200001
1998-08-13,19.0,19.25,17.0,17.5,683354,ABTX-200001
1998-08-14,17.5,18.5625,17.5,17.875,886612,ABTX-200001
1998-08-17,17.75,18.125,17.0625,17.75,639886,ABTX-200001
1998-08-18,17.75,18.75,17.75,18.25,581672,ABTX-200001
1998-08-19,18.5,18.9375,16.625,17.0,2329520,ABTX-200001
1998-08-20,16.4375,17.0,15.5,15.8125,1315410,ABTX-200001
1998-08-21,15.75,16.0,14.875,15.75,1785200,ABTX-200001
1998-08-24,16.1875,16.3125,15.125,15.3125,524889,ABTX-200001
1998-08-25,15.375,15.375,9.5625,11.3125,6314720,ABTX-200001
1998-08-26,12.75,13.125,10.5,11.125,7940120,ABTX-200001
1998-08-27,10.8125,11.25,9.5625,9.75,5053290,ABTX-200001
1998-08-28,10.3125,10.375,7.625,8.125,6130780,ABTX-200001
1998-08-31,9.25,9.4375,8.125,8.625,2898530,ABTX-200001
1998-09-01,9.46875,11.125,8.875,11.125,4482990,ABTX-200001
1998-09-02,11.625,11.75,10.375,10.5,2305890,ABTX-200001
1998-09-03,9.875,10.5,9.6875,9.875,1452300,ABTX-200001
1998-09-04,10.0,10.1875,9.5625,9.8125,699156,ABTX-200001
1998-09-08,10.9375,11.3125,10.3125,10.5625,767773,ABTX-200001
1998-09-09,10.6875,11.25,10.0,10.1875,961777,ABTX-200001
1998-09-10,9.75,9.75,9.125,9.4375,1154550,ABTX-200001
1998-09-11,9.5625,9.75,8.9375,9.375,1310540,ABTX-200001
1998-09-14,9.4375,9.6875,9.25,9.5,584034,ABTX-200001
1998-09-15,9.375,10.125,9.375,9.9375,712132,ABTX-200001
1998-09-16,10.25,13.125,10.1875,12.3125,2982530,ABTX-200001
1998-09-17,11.625,13.0625,11.25,12.375,1652060,ABTX-200001
1998-09-18,12.9375,13.0,11.5,11.5,1247020,ABTX-200001
1998-09-21,11.5,12.875,10.375,12.75,1235890,ABTX-200001
1998-09-22,13.125,13.1875,11.875,12.4375,1166030,ABTX-200001
1998-09-23,12.75,13.125,12.4375,12.875,1264410,ABTX-200001
1998-09-24,12.9375,13.875,12.625,13.25,971511,ABTX-200001
1998-09-25,12.75,13.6875,12.5625,13.0,821756,ABTX-200001
1998-09-28,13.375,13.875,10.5,11.75,1662830,ABTX-200001
1998-09-29,11.3125,11.625,10.5,10.875,1285120,ABTX-200001
1998-09-30,10.75,11.4375,10.125,11.125,969142,ABTX-200001
1998-10-01,10.875,11.25,10.625,10.9375,741312,ABTX-200001
1998-10-02,10.9375,11.25,10.75,10.8125,815834,ABTX-200001
1998-10-05,10.6875,11.125,10.5625,10.875,693645,ABTX-200001
1998-10-06,11.125,11.25,10.0625,10.375,649325,ABTX-200001
1998-10-07,10.4375,10.4375,8.78125,8.9375,1174450,ABTX-200001
1998-10-08,8.8125,9.25,7.75,9.125,2920230,ABTX-200001
1998-10-09,9.875,11.0625,9.75,10.25,2154570,ABTX-200001
1998-10-12,11.375,12.0,10.875,10.875,1330540,ABTX-200001
1998-10-13,10.6875,10.875,8.9375,9.375,2458490,ABTX-200001
1998-10-14,9.375,9.75,9.0,9.0625,585286,ABTX-200001
1998-10-15,9.0625,10.25,8.5625,9.6875,790263,ABTX-200001
1998-10-16,9.875,10.4375,9.5,9.6875,592277,ABTX-200001
1998-10-19,9.75,10.25,9.375,9.75,805860,ABTX-200001
1998-10-20,10.0,10.25,9.5,9.8125,716377,ABTX-200001
1998-10-21,9.625,10.0625,9.625,9.9375,692771,ABTX-200001
1998-10-22,9.875,11.375,9.8125,11.25,1499540,ABTX-200001
1998-10-23,11.75,12.0,10.625,11.0,1900180,ABTX-200001
1998-10-26,11.5,12.1875,11.0,12.0625,1760540,ABTX-200001
1998-10-27,12.6875,14.375,12.3125,14.1875,3725910,ABTX-200001
1998-10-28,14.25,17.875,13.75,17.1875,5356370,ABTX-200001
1998-10-29,17.625,17.625,15.0,15.4375,3547590,ABTX-200001
1998-10-30,15.5625,15.625,14.125,14.3125,2181450,ABTX-200001
1998-11-02,14.5,14.875,13.25,13.5,1410580,ABTX-200001
1998-11-03,13.75,14.375,13.5,14.125,1716000,ABTX-200001
1998-11-04,14.875,15.5,14.125,14.1875,1990520,ABTX-200001
1998-11-05,14.125,14.375,12.0,13.3125,2900520,ABTX-200001
1998-11-06,12.25,13.125,11.75,11.8125,2570150,ABTX-200001
1998-11-09,11.9375,12.875,11.8125,12.4375,1307550,ABTX-200001
1998-11-10,12.75,12.875,12.0,12.1875,923231,ABTX-200001
1998-11-11,12.5625,12.625,11.9375,12.1875,808073,ABTX-200001
1998-11-12,12.25,13.25,11.875,12.75,965096,ABTX-200001
1998-11-13,13.25,14.1875,13.1875,13.4375,1623530,ABTX-200001
1998-11-16,13.875,14.0,12.4375,13.25,834542,ABTX-200001
1998-11-17,12.5625,13.75,12.5,13.5625,852411,ABTX-200001
1998-11-18,13.25,13.8125,13.0625,13.5625,573079,ABTX-200001
1998-11-19,13.625,15.0,13.4375,14.125,1264600,ABTX-200001
1998-11-20,14.375,14.625,14.0,14.125,657241,ABTX-200001
1998-11-23,14.5,14.8125,14.0625,14.375,723348,ABTX-200001
1998-11-24,14.5,14.6875,14.25,14.375,805562,ABTX-200001
1998-11-25,14.3125,14.375,13.625,13.9375,583870,ABTX-200001
1998-11-27,13.875,14.0,12.375,12.375,541453,ABTX-200001
1998-11-30,12.625,13.3125,12.5,13.0,682151,ABTX-200001
1998-12-01,12.9375,14.0,12.9375,13.625,658460,ABTX-200001
1998-12-02,13.75,13.875,13.125,13.4375,487209,ABTX-200001
1998-12-03,13.4375,13.5625,12.5,12.8125,535219,ABTX-200001
1998-12-04,12.875,13.1875,12.5,12.5625,566067,ABTX-200001
1998-12-07,12.5625,13.0,12.4375,12.5625,345948,ABTX-200001
1998-12-08,12.75,12.75,12.125,12.25,678792,ABTX-200001
1998-12-09,12.25,12.625,11.75,12.0625,743190,ABTX-200001
1998-12-10,12.0,12.3125,11.5,11.6875,711025,ABTX-200001
1998-12-11,11.5,11.625,10.75,10.9375,897098,ABTX-200001
1998-12-14,10.9375,11.4375,10.375,10.75,695523,ABTX-200001
1998-12-15,10.875,11.875,10.75,11.6875,584382,ABTX-200001
1998-12-16,12.0,12.125,11.5,11.8125,600354,ABTX-200001
1998-12-17,12.0,12.0625,11.5,11.625,326690,ABTX-200001
1998-12-18,11.625,11.625,10.6875,11.125,821687,ABTX-200001
1998-12-21,11.1875,11.375,10.25,10.3125,840672,ABTX-200001
1998-12-22,10.125,10.625,9.5,10.125,1159320,ABTX-200001
1998-12-23,10.5,10.5,9.875,10.0,580278,ABTX-200001
1998-12-24,9.875,10.8125,9.75,10.375,552856,ABTX-200001
1998-12-28,10.625,11.6875,10.4375,11.5,993858,ABTX-200001
1998-12-29,11.5,12.625,11.5,12.4375,1441340,ABTX-200001
1998-12-30,12.375,13.5625,12.375,13.25,1548650,ABTX-200001
1998-12-31,13.375,13.375,12.6875,12.9375,950009,ABTX-200001
1999-01-04,12.9375,13.625,12.875,13.1875,895771,ABTX-200001
1999-01-05,13.3125,14.1875,13.0625,13.875,934020,ABTX-200001
1999-01-06,14.375,15.75,14.0,15.25,2787930,ABTX-200001
1999-01-07,15.125,15.75,14.0,14.5,2637580,ABTX-200001
1999-01-08,14.625,15.5,14.5,14.875,1361500,ABTX-200001
1999-01-11,15.125,17.6875,15.0625,16.6875,2312460,ABTX-200001
1999-01-12,16.875,17.875,15.75,16.0625,1501740,ABTX-200001
1999-01-13,15.0,16.0625,13.875,15.5,1402010,ABTX-200001
1999-01-14,15.9375,16.125,14.6875,14.875,834343,ABTX-200001
1999-01-15,14.9375,15.3125,13.5,14.375,1497260,ABTX-200001
1999-01-19,14.625,14.9375,13.625,13.8125,1250500,ABTX-200001
1999-01-20,14.0,14.125,13.4375,13.8125,868700,ABTX-200001
1999-01-21,13.625,13.75,12.1875,12.375,1522000,ABTX-200001
1999-01-22,11.875,12.25,11.75,12.0625,2778320,ABTX-200001
1999-01-25,10.0,10.8125,8.5,8.9375,9985950,ABTX-200001
1999-01-26,8.875,9.0,7.75,7.9375,6403570,ABTX-200001
1999-01-27,8.1875,9.0,8.0,8.25,4086520,ABTX-200001
1999-01-28,8.5,8.9375,8.3125,8.5625,1282140,ABTX-200001
1999-01-29,8.5625,8.625,8.0625,8.125,1456520,ABTX-200001
1999-02-01,8.25,8.3125,6.4375,7.40625,2648060,ABTX-200001
1999-02-02,7.4375,7.5,6.875,7.21875,1128890,ABTX-200001
1999-02-03,7.4375,7.90625,7.0,7.5,963011,ABTX-200001
1999-02-04,7.3125,7.375,7.0,7.0,882238,ABTX-200001
1999-02-05,7.21875,7.3125,6.5,6.6875,1567060,ABTX-200001
1999-02-08,6.8125,7.0,5.875,6.125,2310250,ABTX-200001
1999-02-09,6.15625,6.625,5.25,6.5625,3590380,ABTX-200001
1999-02-10,6.125,7.25,6.0625,6.90625,1093960,ABTX-200001
1999-02-11,6.75,7.0,6.375,6.75,553285,ABTX-200001
1999-02-12,6.78125,6.78125,6.1875,6.375,559849,ABTX-200001
1999-02-16,6.25,6.4375,5.8125,6.0,799197,ABTX-200001
1999-02-17,5.0,5.5625,4.75,4.84375,2555800,ABTX-200001
1999-02-18,5.25,5.625,4.875,5.3125,1215150,ABTX-200001
1999-02-19,5.375,5.875,5.3125,5.5,852275,ABTX-200001
1999-02-22,5.4375,6.0,5.375,5.8125,931874,ABTX-200001
1999-02-23,5.71875,5.875,5.1875,5.3125,930334,ABTX-200001
1999-02-24,5.8125,6.0,5.03125,5.0625,940512,ABTX-200001
1999-02-25,5.0625,5.28125,5.03125,5.125,483678,ABTX-200001
1999-02-26,5.09375,5.125,4.3125,4.375,1761820,ABTX-200001
1999-03-01,4.5,5.25,4.28125,4.9375,1197100,ABTX-200001
1999-03-02,4.75,5.0625,4.6875,4.8125,286975,ABTX-200001
1999-03-03,4.6875,4.8125,4.40625,4.5625,435427,ABTX-200001
1999-03-04,4.53125,4.8125,4.0,4.28125,1084390,ABTX-200001
1999-03-05,4.25,4.4375,3.6875,3.75,2194740,ABTX-200001
1999-03-08,4.5,5.4375,4.0625,5.03125,3468850,ABTX-200001
1999-03-09,5.1875,5.75,5.125,5.28125,1253130,ABTX-200001
1999-03-10,5.375,5.5,4.75,5.0,636227,ABTX-200001
1999-03-11,5.0625,5.125,4.8125,5.03125,412675,ABTX-200001
1999-03-12,4.9375,6.0,4.875,5.9375,1166220,ABTX-200001
1999-03-15,6.0,6.6875,5.8125,6.0,1393220,ABTX-200001
1999-03-16,6.125,6.4375,6.0,6.25,578427,ABTX-200001
1999-03-17,6.4375,6.5,6.125,6.1875,356311,ABTX-200001
1999-03-18,6.0,6.5,6.0,6.5,425918,ABTX-200001
1999-03-19,6.125,6.4375,5.9375,5.9375,469382,ABTX-200001
1999-03-22,5.8125,6.0625,5.125,5.4375,430265,ABTX-200001
1999-03-23,5.5,6.25,5.5,5.875,755664,ABTX-200001
1999-03-24,5.875,5.9375,5.375,5.625,488761,ABTX-200001
1999-03-25,5.625,6.0,5.625,5.875,393346,ABTX-200001
1999-03-26,5.6875,5.875,5.5,5.875,332857,ABTX-200001
1999-03-29,5.8125,5.9375,5.6875,5.75,330233,ABTX-200001
1999-03-30,5.75,5.875,5.375,5.375,214107,ABTX-200001
1999-03-31,5.4375,6.25,5.125,6.25,1092430,ABTX-200001
1999-04-01,6.1875,6.25,5.6875,5.9375,308049,ABTX-200001
1999-04-05,5.875,6.25,5.75,5.875,286422,ABTX-200001
1999-04-06,5.8125,5.875,5.4375,5.875,370443,ABTX-200001
1999-04-07,5.71875,5.875,5.375,5.4375,175024,ABTX-200001
1999-04-08,5.5,5.75,5.25,5.75,301700,ABTX-200001
1999-04-09,5.625,5.8125,5.25,5.375,497872,ABTX-200001
1999-04-12,5.375,5.5,5.1875,5.4375,485303,ABTX-200001
1999-04-13,5.4375,5.5,5.03125,5.125,483827,ABTX-200001
1999-04-14,5.125,5.5625,5.0,5.21875,631344,ABTX-200001
1999-04-15,5.125,5.6875,5.03125,5.5,942193,ABTX-200001
1999-04-16,5.78125,6.6875,5.75,6.25,1905980,ABTX-200001
1999-04-19,6.28125,6.28125,5.75,6.0,616076,ABTX-200001
1999-04-20,6.0,6.1875,5.8125,6.0,369937,ABTX-200001
1999-04-21,6.0,6.09375,5.8125,6.0,375265,ABTX-200001
1999-04-22,5.96875,6.0625,5.75,6.03125,433053,ABTX-200001
1999-04-23,6.0625,6.21875,6.0,6.0625,207368,ABTX-200001
1999-04-26,6.0625,6.21875,5.9375,6.1875,303334,ABTX-200001
1999-04-27,6.125,6.125,5.8125,6.0625,348567,ABTX-200001
1999-04-28,6.21875,7.625,6.125,7.34375,2089290,ABTX-200001
1999-04-29,7.6875,8.0,7.3125,7.875,1757770,ABTX-200001
1999-04-30,8.0,8.25,7.5,7.6875,461796,ABTX-200001
1999-05-03,7.9375,8.25,7.75,7.90625,615330,ABTX-200001
1999-05-04,7.875,7.96875,6.90625,7.0625,579541,ABTX-200001
1999-05-05,6.9375,7.4375,6.8125,7.1875,291366,ABTX-200001
1999-05-06,7.3125,7.3125,6.8125,6.875,204552,ABTX-200001
1999-05-07,7.0,7.0,6.625,6.875,211631,ABTX-200001
1999-05-10,6.75,6.9375,6.25,6.5,349436,ABTX-200001
1999-05-11,6.5,6.625,6.125,6.28125,539517,ABTX-200001
1999-05-12,6.3125,6.375,5.9375,6.0625,621894,ABTX-200001
1999-05-13,6.25,6.9375,6.1875,6.875,667537,ABTX-200001
1999-05-14,6.8125,6.8125,6.1875,6.53125,740671,ABTX-200001
1999-05-17,6.5625,6.625,6.34375,6.5,423654,ABTX-200001
1999-05-18,6.59375,6.59375,6.375,6.4375,205606,ABTX-200001
1999-05-19,6.5,6.6875,6.0625,6.5,309276,ABTX-200001
1999-05-20,6.5,6.875,6.4375,6.625,268909,ABTX-200001
1999-05-21,6.75,6.75,6.125,6.71875,297454,ABTX-200001
1999-05-24,6.3125,6.5,6.125,6.25,618457,ABTX-200001
1999-05-25,6.375,6.625,6.25,6.4375,294415,ABTX-200001
1999-05-26,6.375,6.5,6.25,6.40625,224585,ABTX-200001
1999-05-27,6.4375,6.4375,6.28125,6.3125,270124,ABTX-200001
1999-05-28,6.25,6.5625,6.25,6.375,211333,ABTX-200001
1999-06-01,7.0,7.4375,6.625,6.9375,743073,ABTX-200001
1999-06-02,6.8125,6.9375,6.53125,6.65625,251253,ABTX-200001
1999-06-03,6.9375,7.0,6.53125,6.75,184800,ABTX-200001
1999-06-04,6.5625,6.875,6.5,6.625,199932,ABTX-200001
1999-06-07,6.8125,6.875,6.5,6.84375,186753,ABTX-200001
1999-06-08,6.84375,6.875,6.625,6.75,150257,ABTX-200001
1999-06-09,6.6875,6.9375,6.625,6.625,188683,ABTX-200001
1999-06-10,6.625,6.625,6.3125,6.4375,205013,ABTX-200001
1999-06-11,6.375,6.6875,6.375,6.4375,186888,ABTX-200001
1999-06-14,6.5,6.5,6.0,6.0625,178573,ABTX-200001
1999-06-15,6.125,6.25,6.0,6.125,203900,ABTX-200001
1999-06-16,6.25,6.375,6.0625,6.3125,181750,ABTX-200001
1999-06-17,6.25,6.4375,6.1875,6.25,192921,ABTX-200001
1999-06-18,6.5,6.5,6.25,6.46875,342724,ABTX-200001
1999-06-21,6.6875,6.75,6.3125,6.5,178575,ABTX-200001
1999-06-22,6.5,6.625,6.4375,6.4375,258333,ABTX-200001
1999-06-23,6.4375,6.59375,6.4375,6.4375,227966,ABTX-200001
1999-06-24,6.4375,6.625,6.4375,6.5625,238290,ABTX-200001
1999-06-25,6.53125,6.625,6.1875,6.34375,373411,ABTX-200001
1999-06-28,6.375,6.5,6.34375,6.4375,194851,ABTX-200001
1999-06-29,6.3125,6.4375,6.3125,6.375,254242,ABTX-200001
1999-06-30,6.3125,6.53125,6.0625,6.0625,392471,ABTX-200001
1999-07-01,6.09375,6.375,6.0625,6.125,282561,ABTX-200001
1999-07-02,6.125,6.25,5.875,6.0,400621,ABTX-200001
1999-07-06,6.0,6.09375,5.90625,5.90625,366717,ABTX-200001
1999-07-07,5.8125,6.25,5.25,5.4375,436314,ABTX-200001
1999-07-08,5.1875,5.4375,5.0625,5.1875,340154,ABTX-200001
1999-07-09,5.03125,5.59375,5.0,5.375,295049,ABTX-200001
1999-07-12,5.375,5.5,5.21875,5.3125,153721,ABTX-200001
1999-07-13,5.3125,5.5,5.3125,5.5,223086,ABTX-200001
1999-07-14,5.4375,5.625,5.3125,5.625,297290,ABTX-200001
1999-07-15,5.625,5.625,5.3125,5.375,227882,ABTX-200001
1999-07-16,5.3125,5.625,5.25,5.5,384719,ABTX-200001
1999-07-19,5.5625,5.59375,5.28125,5.28125,273634,ABTX-200001
1999-07-20,5.28125,5.3125,5.0,5.09375,274074,ABTX-200001
1999-07-21,5.0625,5.125,4.875,4.90625,534810,ABTX-200001
1999-07-22,4.875,5.21875,4.75,5.21875,387613,ABTX-200001
1999-07-23,5.21875,5.25,4.9375,5.0625,161078,ABTX-200001
1999-07-26,5.0625,5.09375,4.875,4.875,304619,ABTX-200001
1999-07-27,4.875,5.125,4.75,4.96875,398361,ABTX-200001
1999-07-28,4.9375,5.03125,4.875,5.0,242706,ABTX-200001
1999-07-29,4.9375,5.0,4.8125,4.90625,214717,ABTX-200001
1999-07-30,4.96875,4.96875,4.5,4.75,602816,ABTX-200001
1999-08-02,4.71875,4.875,4.375,4.375,293638,ABTX-200001
1999-08-03,4.5625,4.6875,4.4375,4.5,370122,ABTX-200001
1999-08-04,4.4375,4.5625,4.1875,4.5,253282,ABTX-200001
1999-08-05,4.4375,4.5,4.25,4.34375,397981,ABTX-200001
1999-08-06,4.34375,4.625,4.3125,4.375,249608,ABTX-200001
1999-08-09,4.375,4.53125,4.0,4.125,400058,ABTX-200001
1999-08-10,4.125,4.34375,3.75,4.0,438611,ABTX-200001
1999-08-11,4.0625,4.1875,3.75,3.875,509800,ABTX-200001
1999-08-12,3.90625,4.0,3.71875,3.875,410646,ABTX-200001
1999-08-13,3.9375,4.46875,3.9375,4.1875,549204,ABTX-200001
1999-08-16,4.21875,4.40625,4.03125,4.03125,259216,ABTX-200001
1999-08-17,4.125,4.3125,4.0,4.125,200117,ABTX-200001
1999-08-18,4.15625,4.40625,4.15625,4.40625,243866,ABTX-200001
1999-08-19,4.3125,4.46875,4.125,4.25,232711,ABTX-200001
1999-08-20,4.15625,4.28125,4.0625,4.125,179775,ABTX-200001
1999-08-23,4.1875,4.25,4.0,4.09375,236384,ABTX-200001
1999-08-24,4.09375,4.15625,3.9375,4.0,296450,ABTX-200001
1999-08-25,4.0625,4.125,3.78125,3.90625,364840,ABTX-200001
1999-08-26,3.8125,4.0,3.75,3.875,274887,ABTX-200001
1999-08-27,4.0625,4.25,3.8125,3.9375,432869,ABTX-200001
1999-08-30,4.0,4.125,3.9375,3.9375,200280,ABTX-200001
1999-08-31,3.9375,4.0625,3.8125,3.90625,202237,ABTX-200001
1999-09-01,3.90625,3.96875,3.75,3.75,389885,ABTX-200001
1999-09-02,3.75,4.0,3.75,3.8125,245330,ABTX-200001
1999-09-03,3.8125,4.0,3.75,3.8125,272533,ABTX-200001
1999-09-07,3.90625,3.9375,3.625,3.75,342910,ABTX-200001
1999-09-08,3.71875,3.78125,3.5625,3.65625,355126,ABTX-200001
1999-09-09,3.65625,3.8125,3.59375,3.6875,350962,ABTX-200001
1999-09-10,3.90625,4.0,3.75,3.78125,312594,ABTX-200001
1999-09-13,3.8125,4.0,3.78125,4.0,372601,ABTX-200001
1999-09-14,4.0,4.59375,4.0,4.34375,633636,ABTX-200001
1999-09-15,4.46875,4.53125,4.28125,4.4375,258676,ABTX-200001
1999-09-16,4.53125,5.21875,4.5,5.09375,894184,ABTX-200001
1999-09-17,5.25,5.5,5.1875,5.375,638483,ABTX-200001
1999-09-20,5.46875,5.71875,5.09375,5.09375,911417,ABTX-200001
1999-09-21,5.125,5.125,4.625,4.75,358138,ABTX-200001
1999-09-22,4.96875,5.0,4.625,4.71875,242270,ABTX-200001
1999-09-23,4.71875,4.8125,4.25,4.3125,318888,ABTX-200001
1999-09-24,4.25,4.84375,4.125,4.5625,357259,ABTX-200001
1999-09-27,4.625,4.75,4.25,4.3125,260788,ABTX-200001
1999-09-28,4.4375,4.75,4.15625,4.53125,351841,ABTX-200001
1999-09-29,4.25,4.625,4.0625,4.1875,626483,ABTX-200001
1999-09-30,4.15625,4.25,3.96875,4.0625,553170,ABTX-200001
1999-10-01,4.0625,4.125,3.8125,4.0,322885,ABTX-200001
1999-10-04,3.9375,4.1875,3.84375,3.90625,256109,ABTX-200001
1999-10-05,3.9375,4.1875,3.75,4.0,481215,ABTX-200001
1999-10-06,3.96875,4.0,3.78125,3.875,308220,ABTX-200001
1999-10-07,3.875,4.0,3.75,3.875,288114,ABTX-200001
1999-10-08,3.90625,3.9375,3.78125,3.875,230161,ABTX-200001
1999-10-11,3.9375,4.1875,3.90625,3.96875,275184,ABTX-200001
1999-10-12,4.0,4.46875,3.9375,4.34375,362303,ABTX-200001
1999-10-13,4.21875,4.3125,4.0,4.0625,248681,ABTX-200001
1999-10-14,3.78125,4.0,3.625,3.71875,533547,ABTX-200001
1999-10-15,3.65625,3.75,3.53125,3.6875,327028,ABTX-200001
1999-10-18,3.59375,3.6875,3.0625,3.4375,429050,ABTX-200001
1999-10-19,3.375,3.625,3.0625,3.125,408067,ABTX-200001
1999-10-20,3.1875,3.21875,3.0625,3.125,338934,ABTX-200001
1999-10-21,3.21875,3.3125,3.0,3.3125,304314,ABTX-200001
1999-10-22,3.0625,3.34375,3.0,3.3125,550453,ABTX-200001
1999-10-25,3.28125,3.5,3.0,3.09375,350351,ABTX-200001
1999-10-26,3.15625,3.21875,3.0,3.03125,287742,ABTX-200001
1999-10-27,3.03125,3.09375,2.9375,2.9375,505382,ABTX-200001
1999-10-28,3.125,3.28125,3.0625,3.25,440384,ABTX-200001
1999-10-29,3.25,3.375,3.125,3.1875,258713,ABTX-200001
1999-11-01,3.21875,3.28125,3.03125,3.125,288413,ABTX-200001
1999-11-02,3.0625,3.09375,3.0,3.03125,266015,ABTX-200001
1999-11-03,3.03125,3.4375,3.03125,3.375,478689,ABTX-200001
1999-11-04,3.375,3.4375,3.3125,3.3125,240416,ABTX-200001
1999-11-05,3.46875,3.96875,3.375,3.6875,573117,ABTX-200001
1999-11-08,3.8125,4.0,3.625,4.0,371497,ABTX-200001
1999-11-09,4.0,4.0625,3.625,3.78125,299439,ABTX-200001
1999-11-10,3.71875,3.875,3.53125,3.625,188910,ABTX-200001
1999-11-11,3.625,3.6875,3.3125,3.5,316248,ABTX-200001
1999-11-12,3.59375,3.59375,3.375,3.5,206450,ABTX-200001
1999-11-15,3.5625,3.59375,3.40625,3.46875,278974,ABTX-200001
1999-11-16,3.5,3.5,3.28125,3.34375,336919,ABTX-200001
1999-11-17,3.375,3.375,3.28125,3.3125,169491,ABTX-200001
1999-11-18,3.3125,3.375,3.0625,3.125,447166,ABTX-200001
1999-11-19,3.1875,3.1875,3.03125,3.09375,379316,ABTX-200001
1999-11-22,3.0625,3.125,2.90625,2.9375,796999,ABTX-200001
1999-11-23,3.0,3.125,2.875,2.9375,477082,ABTX-200001
1999-11-24,2.9375,3.125,2.9375,3.125,677909,ABTX-200001
1999-11-26,3.1875,3.4375,3.09375,3.375,320825,ABTX-200001
1999-11-29,3.34375,3.375,3.25,3.34375,552831,ABTX-200001
1999-11-30,3.375,3.4375,3.1875,3.1875,417458,ABTX-200001
1999-12-01,3.1875,3.25,2.90625,2.9375,415095,ABTX-200001
1999-12-02,3.0,3.0625,2.875,2.96875,594763,ABTX-200001
1999-12-03,3.09375,3.09375,2.90625,2.9375,429457,ABTX-200001
1999-12-06,2.9375,3.0,2.8125,2.875,531389,ABTX-200001
1999-12-07,2.90625,2.9375,2.5,2.5625,889033,ABTX-200001
1999-12-08,2.5625,2.6875,2.4375,2.5,739644,ABTX-200001
1999-12-09,2.625,2.625,2.375,2.5,401254,ABTX-200001
1999-12-10,2.5625,2.5625,2.375,2.40625,530737,ABTX-200001
1999-12-13,2.375,2.5,2.0,2.03125,670699,ABTX-200001
1999-12-14,2.0625,3.0,2.03125,2.375,849196,ABTX-200001
1999-12-15,2.5,2.5625,2.3125,2.40625,482161,ABTX-200001
1999-12-16,2.4375,2.46875,2.15625,2.15625,436796,ABTX-200001
1999-12-17,2.15625,2.21875,2.09375,2.15625,502564,ABTX-200001
1999-12-20,2.375,2.375,2.0,2.0625,727555,ABTX-200001
1999-12-21,2.0,2.0625,1.9375,1.9375,1095960,ABTX-200001
1999-12-22,2.0,2.125,1.9375,2.0,1033020,ABTX-200001
1999-12-23,2.0,2.25,1.9375,2.125,694025,ABTX-200001
1999-12-27,2.09375,2.3125,2.03125,2.125,812684,ABTX-200001
1999-12-28,2.09375,2.21875,2.0,2.0625,904932,ABTX-200001
1999-12-29,2.09375,2.1875,2.0625,2.09375,842834,ABTX-200001
1999-12-30,2.0625,2.125,2.0,2.0,1008420,ABTX-200001
1999-12-31,2.0625,2.4375,2.0,2.375,1076020,ABTX-200001
2000-01-03,2.4375,2.46875,2.21875,2.21875,685261,ABTX-200001
2000-01-04,2.3125,2.375,2.125,2.21875,302529,ABTX-200001
2000-01-05,2.21875,2.53125,2.1875,2.25,505716,ABTX-200001
2000-01-06,2.28125,2.46875,2.21875,2.46875,615774,ABTX-200001
2000-01-07,2.5625,2.9375,2.4375,2.9375,893580,ABTX-200001
2000-01-10,3.125,3.3125,2.84375,3.25,1019110,ABTX-200001
2000-01-11,3.375,3.46875,3.03125,3.125,767957,ABTX-200001
2000-01-12,3.15625,3.15625,2.84375,2.9375,508415,ABTX-200001
2000-01-13,2.875,3.0,2.5625,2.75,604033,ABTX-200001
2000-01-14,2.6875,2.875,2.6875,2.875,326170,ABTX-200001
2000-01-18,3.0,3.0,2.875,2.875,487520,ABTX-200001
2000-01-19,2.875,2.9375,2.78125,2.875,313166,ABTX-200001
2000-01-20,2.84375,2.90625,2.5,2.59375,564597,ABTX-200001
2000-01-21,2.6875,2.75,2.5,2.5,489849,ABTX-200001
2000-01-24,2.3125,2.5625,2.25,2.3125,478927,ABTX-200001
